title,category,image_url,file,status,error
R.U.S.E.™ по сети,strategy,https://online-fix.me/uploads/posts/2026-09/3587192766_poster.jpg,R.U.S.E. по сети - strategy.jpg,exists,
Endless Alice по сети,adventures,https://online-fix.me/uploads/posts/2026-09/813567551_poster.jpg,Endless Alice по сети - adventures.jpg,exists,
Inferno Protocol по сети,officialservers,https://online-fix.me/uploads/posts/2026-09/2195369973_poster.jpg,Inferno Protocol по сети - officialservers.jpg,exists,
Halloween The Game Online,officialservers,https://online-fix.me/uploads/posts/2026-09/3567228103_poster.jpg,Halloween The Game Online - officialservers.jpg,exists,
Mimic Party по сети,arcade,https://online-fix.me/uploads/posts/2026-09/2158335502_poster.jpg,Mimic Party по сети - arcade.jpg,exists,
Twisted Party по сети,horror,https://online-fix.me/uploads/posts/2026-08/131791829_poster.jpg,Twisted Party по сети - horror.jpg,exists,
The One Fish по сети,sandbox,https://online-fix.me/uploads/posts/2026-08/3149963535_poster.jpg,The One Fish по сети - sandbox.jpg,exists,
Motion Soccer PRO по сети,officialservers,https://online-fix.me/uploads/posts/2026-08/2819153213_poster.jpg,Motion Soccer PRO по сети - officialservers.jpg,exists,
Agent 64 Spies Never Die по сети,shooter,https://online-fix.me/uploads/posts/2026-08/1787376395_poster.jpg,Agent 64 Spies Never Die по сети - shooter.jpg,exists,
EverRail по сети,sandbox,https://online-fix.me/uploads/posts/2026-08/1655190599_poster.jpg,EverRail по сети - sandbox.jpg,exists,
Meowgic по сети,adventures,https://online-fix.me/uploads/posts/2026-08/1487349877_poster.jpg,Meowgic по сети - adventures.jpg,exists,
Mistfall Hunter по сети,officialservers,https://online-fix.me/uploads/posts/2026-08/771241955_poster.jpg,Mistfall Hunter по сети - officialservers.jpg,exists,
Ore Factory Squad Online,simulator,https://online-fix.me/uploads/posts/2026-07/1898275272_poster.jpg,Ore Factory Squad Online - simulator.jpg,exists,
Drive Together по сети,racing,https://online-fix.me/uploads/posts/2026-05/1931787636_poster.jpg,Drive Together по сети - racing.jpg,exists,
Forza Horizon 6 по сети,officialservers,https://online-fix.me/uploads/posts/2026-05/4217907990_poster.jpg,Forza Horizon 6 по сети - officialservers.jpg,exists,
No Time по сети,adventures,https://online-fix.me/uploads/posts/2026-05/1946337443_poster.jpg,No Time по сети - adventures.jpg,exists,
Plains of Pain Online,officialservers,https://online-fix.me/uploads/posts/2026-05/1866934375_poster.jpg,Plains of Pain Online - officialservers.jpg,exists,
Blade and Sorcery Online,officialservers,https://online-fix.me/uploads/posts/2026-06/3573651420_poster.jpg,Blade and Sorcery Online - officialservers.jpg,exists,
Hardware Store Simulator Online,simulator,https://online-fix.me/uploads/posts/2026-06/4143311142_poster.jpg,Hardware Store Simulator Online - simulator.jpg,exists,
Airport Security Sucks! по сети,simulator,https://online-fix.me/uploads/posts/2026-06/1701179177_poster.jpg,Airport Security Sucks! по сети - simulator.jpg,exists,
Bandit Trap по сети,officialservers,https://online-fix.me/uploads/posts/2026-06/1318429182_poster.jpg,Bandit Trap по сети - officialservers.jpg,exists,
Serpents Gaze Online,adventures,https://online-fix.me/uploads/posts/2026-06/1004520546_poster.jpg,Serpents Gaze Online - adventures.jpg,exists,
Zero Caliber 2 Remastered по сети,vr,https://online-fix.me/uploads/posts/2026-05/3229454758_poster.jpg,Zero Caliber 2 Remastered по сети - vr.jpg,exists,
Over The Top WWI Online,officialservers,https://online-fix.me/uploads/posts/2026-05/2176092113_poster.jpg,Over The Top WWI Online - officialservers.jpg,exists,
Beyond Sandbox по сети,sandbox,https://online-fix.me/uploads/posts/2026-04/551548926_poster.jpg,Beyond Sandbox по сети - sandbox.jpg,exists,
Heroes of Might and Magic Olden Era по сети,officialservers,https://online-fix.me/uploads/posts/2026-04/3214685244_poster.jpg,Heroes of Might and Magic Olden Era по сети - officialservers.jpg,exists,
Plants vs Zombies Battle for Neighborville Online,shooter,https://online-fix.me/uploads/posts/2026-04/1735884982_poster.jpg,Plants vs Zombies Battle for Neighborville Online - shooter.jpg,exists,
Plants vs Zombies Garden Warfare 2 Online,shooter,https://online-fix.me/uploads/posts/2026-04/3960789424_poster.jpg,Plants vs Zombies Garden Warfare 2 Online - shooter.jpg,exists,
Plants vs Zombies Garden Warfare Online,shooter,https://online-fix.me/uploads/posts/2026-04/1748875987_poster.jpg,Plants vs Zombies Garden Warfare Online - shooter.jpg,exists,
SimplePlanes 2 Online,simulator,https://online-fix.me/uploads/posts/2026-04/2756937912_poster.jpg,SimplePlanes 2 Online - simulator.jpg,exists,
Dome Keeper по сети,officialservers,https://online-fix.me/uploads/posts/2026-04/632325463_poster.jpg,Dome Keeper по сети - officialservers.jpg,exists,
Duel Corp по сети,rpg,https://online-fix.me/uploads/posts/2026-01/96777822_poster.jpg,Duel Corp по сети - rpg.jpg,exists,
Ys vs. Trails in the Sky Alternative Saga по сети,fighting,https://online-fix.me/uploads/posts/2026-01/3326328545_poster.jpg,Ys vs. Trails in the Sky Alternative Saga по сети - fighting.jpg,exists,
Scam Line по сети,simulator,https://online-fix.me/uploads/posts/2026-01/4222623692_poster.jpg,Scam Line по сети - simulator.jpg,exists,
Mall Rivals по сети,simulator,https://online-fix.me/uploads/posts/2026-03/3787605838_poster.jpg,Mall Rivals по сети - simulator.jpg,exists,
DayZ (DayZavr) по сети,survival,https://online-fix.me/uploads/posts/2026-04/3512073803_poster.jpg,DayZ (DayZavr) по сети - survival.jpg,exists,
LANESPLIT по сети,simulator,https://online-fix.me/uploads/posts/2026-03/3663892457_poster.jpg,LANESPLIT по сети - simulator.jpg,exists,
Fraymakers по сети,adventures,https://online-fix.me/uploads/posts/2026-03/4094731855_poster.jpg,Fraymakers по сети - adventures.jpg,exists,
Super Battle Golf по сети,sandbox,https://online-fix.me/uploads/posts/2026-02/863967858_poster.jpg,Super Battle Golf по сети - sandbox.jpg,exists,
Explosive Odds по сети,arcade,https://online-fix.me/uploads/posts/2025-12/3963594988_poster.jpg,Explosive Odds по сети - arcade.jpg,exists,
MARVEL Cosmic Invasion по сети,officialservers,https://online-fix.me/uploads/posts/2025-12/2956794637_poster.jpg,MARVEL Cosmic Invasion по сети - officialservers.jpg,exists,
Project Motor Racing по сети,officialservers,https://online-fix.me/uploads/posts/2025-11/3961301112_poster.jpg,Project Motor Racing по сети - officialservers.jpg,exists,
Boat Together по сети,adventures,https://online-fix.me/uploads/posts/2026-01/1366657828_poster.jpg,Boat Together по сети - adventures.jpg,exists,
KEEP GAMBLING по сети,simulator,https://online-fix.me/uploads/posts/2026-01/359745177_poster.jpg,KEEP GAMBLING по сети - simulator.jpg,exists,
Hytale по сети,adventures,https://online-fix.me/uploads/posts/2026-01/3920743022_poster.jpg,Hytale по сети - adventures.jpg,exists,
Heroes of Valor по сети,shooter,https://online-fix.me/uploads/posts/2025-10/2724342710_poster.jpg,Heroes of Valor по сети - shooter.jpg,exists,
CUFFBUST по сети,adventures,https://online-fix.me/uploads/posts/2025-10/1160457112_poster.jpg,CUFFBUST по сети - adventures.jpg,exists,
Call To Arms Panzer Elite по сети,simulator,https://online-fix.me/uploads/posts/2025-10/153402785_poster.jpg,Call To Arms Panzer Elite по сети - simulator.jpg,exists,
The Colonists по сети,strategy,https://online-fix.me/uploads/posts/2025-10/3088149901_poster.jpg,The Colonists по сети - strategy.jpg,exists,
FORCED Slightly Better Edition по сети,adventures,https://online-fix.me/uploads/posts/2025-11/1870066299_poster.jpg,FORCED Slightly Better Edition по сети - adventures.jpg,exists,
Biped 2 по сети,sandbox,https://online-fix.me/uploads/posts/2025-11/1489891659_poster.jpg,Biped 2 по сети - sandbox.jpg,exists,
Europa Universalis V по сети,strategy,https://online-fix.me/uploads/posts/2025-11/3641965428_poster.jpg,Europa Universalis V по сети - strategy.jpg,exists,
Caravanners по сети,adventures,https://online-fix.me/uploads/posts/2025-11/3336146592_poster.jpg,Caravanners по сети - adventures.jpg,exists,
EXFIL по сети,strategy,https://online-fix.me/uploads/posts/2025-10/433911643_poster.jpg,EXFIL по сети - strategy.jpg,exists,
VEIN по сети,sandbox,https://online-fix.me/uploads/posts/2025-10/420015321_poster.jpg,VEIN по сети - sandbox.jpg,exists,
Lucky Goal по сети,officialservers,https://online-fix.me/uploads/posts/2025-10/3812161302_poster.jpg,Lucky Goal по сети - officialservers.jpg,exists,
Polterguys Possession Party по сети,officialservers,https://online-fix.me/uploads/posts/2025-09/3424245195_poster.jpg,Polterguys Possession Party по сети - officialservers.jpg,exists,
Junk Survivor по сети,sandbox,https://online-fix.me/uploads/posts/2025-09/586924466_poster.jpg,Junk Survivor по сети - sandbox.jpg,exists,
Gears of War Reloaded по сети,officialservers,https://online-fix.me/uploads/posts/2025-08/3843542854_poster.jpg,Gears of War Reloaded по сети - officialservers.jpg,exists,
The Scouring по сети,strategy,https://online-fix.me/uploads/posts/2025-08/343470352_poster.jpg,The Scouring по сети - strategy.jpg,exists,
A Few Quick Matches по сети,officialservers,https://online-fix.me/uploads/posts/2025-08/971098749_poster.jpg,A Few Quick Matches по сети - officialservers.jpg,exists,
Titan Quest II по сети,rpg,https://online-fix.me/uploads/posts/2025-08/2694207848_poster.jpg,Titan Quest II по сети - rpg.jpg,exists,
Killing Floor 2 по сети,officialservers,https://online-fix.me/uploads/posts/2025-08/624707431_poster.jpg,Killing Floor 2 по сети - officialservers.jpg,exists,
Bogos Binted по сети,simulator,https://online-fix.me/uploads/posts/2025-07/3769240273_poster.jpg,Bogos Binted по сети - simulator.jpg,exists,
Mage Arena по сети,fighting,https://online-fix.me/uploads/posts/2025-07/2401964818_poster.jpg,Mage Arena по сети - fighting.jpg,exists,
ZOMBIE RAID No One Survives по сети,shooter,https://online-fix.me/uploads/posts/2025-06/2791492553_poster.jpg,ZOMBIE RAID No One Survives по сети - shooter.jpg,exists,
Card Shop Simulator Multiplayer по сети,simulator,https://online-fix.me/uploads/posts/2025-06/678632782_poster.jpg,Card Shop Simulator Multiplayer по сети - simulator.jpg,exists,
SCUM по сети,survival,https://online-fix.me/uploads/posts/2025-06/2139116017_poster.jpg,SCUM по сети - survival.jpg,exists,
REMATCH по сети,officialservers,https://online-fix.me/uploads/posts/2025-06/1778785546_poster.jpg,REMATCH по сети - officialservers.jpg,exists,
Warhammer 40000 Space Marine Master Crafted Edition по сети,officialservers,https://online-fix.me/uploads/posts/2025-06/1658746040_poster.jpg,Warhammer 40000 Space Marine Master Crafted Edition по сети - officialservers.jpg,exists,
SAMURAI WARRIORS 4-II по сети,fighting,https://online-fix.me/uploads/posts/2025-06/3101197613_poster.jpg,SAMURAI WARRIORS 4-II по сети - fighting.jpg,exists,
DreadHaunt по сети,horror,https://online-fix.me/uploads/posts/2025-05/496113798_poster.jpg,DreadHaunt по сети - horror.jpg,exists,
The Jump Guys по сети,simulator,https://online-fix.me/uploads/posts/2025-05/2403369947_poster.jpg,The Jump Guys по сети - simulator.jpg,exists,
Battle Realms Zen Edition по сети,adventures,https://online-fix.me/uploads/posts/2025-04/409506242_poster.jpg,Battle Realms Zen Edition по сети - adventures.jpg,exists,
Neighbors Suburban Warfare по сети,fighting,https://online-fix.me/uploads/posts/2025-04/1639563707_poster.jpg,Neighbors Suburban Warfare по сети - fighting.jpg,exists,
Thrive Heavy Lies The Crown по сети,simulator,https://online-fix.me/uploads/posts/2025-04/3818607840_poster.jpg,Thrive Heavy Lies The Crown по сети - simulator.jpg,exists,
Railroad Corporation 2 по сети,simulator,https://online-fix.me/uploads/posts/2025-04/2384446563_poster.jpg,Railroad Corporation 2 по сети - simulator.jpg,exists,
SpyFall по сети,survival,https://online-fix.me/uploads/posts/2025-06/1982667305_poster.jpg,SpyFall по сети - survival.jpg,exists,
The Mosquito Gang по сети,arcade,https://online-fix.me/uploads/posts/2025-05/2538779007_poster.jpg,The Mosquito Gang по сети - arcade.jpg,exists,
Jumping Jazz Cats по сети,arcade,https://online-fix.me/uploads/posts/2025-05/1850196481_poster.jpg,Jumping Jazz Cats по сети - arcade.jpg,exists,
Another Try 2 по сети,survival,https://online-fix.me/uploads/posts/2025-05/1644257275_poster.jpg,Another Try 2 по сети - survival.jpg,exists,
Capcom Fighting Collection 2 по сети,fighting,https://online-fix.me/uploads/posts/2025-05/3801069177_poster.jpg,Capcom Fighting Collection 2 по сети - fighting.jpg,exists,
FPV Kamikaze Drone по сети,simulator,https://online-fix.me/uploads/posts/2025-03/2728670068_poster.jpg,FPV Kamikaze Drone по сети - simulator.jpg,exists,
Store Wars Multiplayer Shop Simulator по сети,simulator,https://online-fix.me/uploads/posts/2025-03/856116426_poster.jpg,Store Wars Multiplayer Shop Simulator по сети - simulator.jpg,exists,
Sonic and All-Stars Racing Transformed Collection по сети,racing,https://online-fix.me/uploads/posts/2025-02/2393677185_poster.jpg,Sonic and All-Stars Racing Transformed Collection по сети - racing.jpg,exists,
Songs of Silence по сети,strategy,https://online-fix.me/uploads/posts/2025-02/2307465063_poster.jpg,Songs of Silence по сети - strategy.jpg,exists,
Lonely Mountains Snow Riders по сети,officialservers,https://online-fix.me/uploads/posts/2025-02/1210822581_poster.jpg,Lonely Mountains Snow Riders по сети - officialservers.jpg,exists,
Goofy Gorillas по сети,adventures,https://online-fix.me/uploads/posts/2025-02/1448283336_poster.jpg,Goofy Gorillas по сети - adventures.jpg,exists,
Squad по сети,shooter,https://online-fix.me/uploads/posts/2025-02/2096737062_poster.jpg,Squad по сети - shooter.jpg,exists,
DRAGON BALL XENOVERSE по сети,fighting,https://online-fix.me/uploads/posts/2025-01/1835563496_poster.jpg,DRAGON BALL XENOVERSE по сети - fighting.jpg,exists,
FREEDOM WARS Remastered по сети,adventures,https://online-fix.me/uploads/posts/2025-01/1416024921_poster.jpg,FREEDOM WARS Remastered по сети - adventures.jpg,exists,
ZEPHON по сети,strategy,https://online-fix.me/uploads/posts/2025-01/3831669922_poster.jpg,ZEPHON по сети - strategy.jpg,exists,
Battle Talent по сети,officialservers,https://online-fix.me/uploads/posts/2024-12/1743328708_poster.jpg,Battle Talent по сети - officialservers.jpg,exists,
The Jackbox Survey Scramble по сети,officialservers,https://online-fix.me/uploads/posts/2024-12/654918776_poster.jpg,The Jackbox Survey Scramble по сети - officialservers.jpg,exists,
Survivor World по сети,survival,https://online-fix.me/uploads/posts/2024-10/3846705373_poster.jpg,Survivor World по сети - survival.jpg,exists,
ATLYSS по сети,rpg,https://online-fix.me/uploads/posts/2024-12/3211268865_poster.jpg,ATLYSS по сети - rpg.jpg,exists,
Werewolf Party по сети,survival,https://online-fix.me/uploads/posts/2024-11/4039682160_poster.jpg,Werewolf Party по сети - survival.jpg,exists,
ICBM Escalation по сети,strategy,https://online-fix.me/uploads/posts/2024-11/2405145038_poster.jpg,ICBM Escalation по сети - strategy.jpg,exists,
Microsoft Flight Simulator 2024 по сети,officialservers,https://online-fix.me/uploads/posts/2024-11/3665663036_poster.jpg,Microsoft Flight Simulator 2024 по сети - officialservers.jpg,exists,
Unrailed 2 Back on Track по сети,officialservers,https://online-fix.me/uploads/posts/2026-07/3744498524_poster.jpg,Unrailed 2 Back on Track по сети - officialservers.jpg,exists,
MARVEL vs. CAPCOM Fighting Collection Arcade Classics по сети,fighting,https://online-fix.me/uploads/posts/2024-09/3866350661_poster.jpg,MARVEL vs. CAPCOM Fighting Collection Arcade Classics по сети - fighting.jpg,exists,
Test Drive Unlimited Solar Crown по сети,officialservers,https://online-fix.me/uploads/posts/2024-09/1480654002_poster.jpg,Test Drive Unlimited Solar Crown по сети - officialservers.jpg,exists,
PICO PARK 2 по сети,puzzles,https://online-fix.me/uploads/posts/2024-09/3845860499_poster.jpg,PICO PARK 2 по сети - puzzles.jpg,exists,
DOOM + DOOM II по сети,officialservers,https://online-fix.me/uploads/posts/2024-09/889927399_poster.jpg,DOOM + DOOM II по сети - officialservers.jpg,exists,
Marvel Ultimate Alliance 2 по сети,adventures,https://online-fix.me/uploads/posts/2024-09/4144785094_poster.jpg,Marvel Ultimate Alliance 2 по сети - adventures.jpg,exists,
CarX Street по сети,officialservers,https://online-fix.me/uploads/posts/2024-09/3530331144_poster.jpg,CarX Street по сети - officialservers.jpg,exists,
Marvel Ultimate Alliance по сети,arcade,https://online-fix.me/uploads/posts/2024-09/260940169_poster.jpg,Marvel Ultimate Alliance по сети - arcade.jpg,exists,
Dale and Dawson Stationery Supplies по сети,adventures,https://online-fix.me/uploads/posts/2024-09/4169856864_poster.jpg,Dale and Dawson Stationery Supplies по сети - adventures.jpg,exists,
Age of Mythology Retold по сети,officialservers,https://online-fix.me/uploads/posts/2024-08/3165015751_poster.jpg,Age of Mythology Retold по сети - officialservers.jpg,exists,
Sapiens по сети,sandbox,https://online-fix.me/uploads/posts/2024-08/1509063702_poster.jpg,Sapiens по сети - sandbox.jpg,exists,
Sins of a Solar Empire II по сети,officialservers,https://online-fix.me/uploads/posts/2024-08/677579809_poster.jpg,Sins of a Solar Empire II по сети - officialservers.jpg,exists,
Prisoners по сети,officialservers,https://online-fix.me/uploads/posts/2024-08/4015063168_poster.jpg,Prisoners по сети - officialservers.jpg,exists,
LOCKDOWN Protocol по сети,adventures,https://online-fix.me/uploads/posts/2024-07/1136745836_poster.jpg,LOCKDOWN Protocol по сети - adventures.jpg,exists,
TerraScape по сети,strategy,https://online-fix.me/uploads/posts/2024-07/582107043_poster.jpg,TerraScape по сети - strategy.jpg,exists,
KitHack Model Club по сети,sandbox,https://online-fix.me/uploads/posts/2024-07/3535152482_poster.jpg,KitHack Model Club по сети - sandbox.jpg,exists,
Feather Party по сети,officialservers,https://online-fix.me/uploads/posts/2024-07/4170542210_poster.jpg,Feather Party по сети - officialservers.jpg,exists,
Only Up SKIBIDI TOGETHER по сети,simulator,https://online-fix.me/uploads/posts/2024-07/2663988944_poster.jpg,Only Up SKIBIDI TOGETHER по сети - simulator.jpg,exists,
Observe and Report по сети,puzzles,https://online-fix.me/uploads/posts/2024-07/1188044063_poster.jpg,Observe and Report по сети - puzzles.jpg,exists,
Bloodstained Ritual of the Night по сети,fighting,https://online-fix.me/uploads/posts/2024-07/4085222409_poster.jpg,Bloodstained Ritual of the Night по сети - fighting.jpg,exists,
MEGATON MUSASHI W WIRED по сети,adventures,https://online-fix.me/uploads/posts/2024-07/592811686_poster.jpg,MEGATON MUSASHI W WIRED по сети - adventures.jpg,exists,
Night of the Dead по сети,survival,https://online-fix.me/uploads/posts/2024-06/947600734_poster.jpg,Night of the Dead по сети - survival.jpg,exists,
Goons Legends Mayhem по сети,officialservers,https://online-fix.me/uploads/posts/2024-06/2853405012_poster.jpg,Goons Legends Mayhem по сети - officialservers.jpg,exists,
Knock Em Out по сети,officialservers,https://online-fix.me/uploads/posts/2024-06/3952537379_poster.jpg,Knock Em Out по сети - officialservers.jpg,exists,
Bodycam по сети,officialservers,https://online-fix.me/uploads/posts/2024-02/1809660444_poster.jpg,Bodycam по сети - officialservers.jpg,exists,
Soulmask по сети,sandbox,https://online-fix.me/uploads/posts/2026-04/3050510394_poster.jpg,Soulmask по сети - sandbox.jpg,exists,
Eggstraction по сети,survival,https://online-fix.me/uploads/posts/2024-05/2877725880_poster.jpg,Eggstraction по сети - survival.jpg,exists,
Men of War II по сети,officialservers,https://online-fix.me/uploads/posts/2024-05/880693705_poster.jpg,Men of War II по сети - officialservers.jpg,exists,
NEBULOUS Fleet Command по сети,strategy,https://online-fix.me/uploads/posts/2024-05/3060034025_poster.jpg,NEBULOUS Fleet Command по сети - strategy.jpg,exists,
Spanky по сети,adventures,https://online-fix.me/uploads/posts/2024-05/1671001677_poster.jpg,Spanky по сети - adventures.jpg,exists,
V Rising по сети,survival,https://online-fix.me/uploads/posts/2024-05/3260847121_poster.jpg,V Rising по сети - survival.jpg,exists,
Kill It With Fire 2 по сети,sandbox,https://online-fix.me/uploads/posts/2024-04/2265424047_poster.jpg,Kill It With Fire 2 по сети - sandbox.jpg,exists,
Headquarters World War II по сети,officialservers,https://online-fix.me/uploads/posts/2024-04/4083591483_poster.jpg,Headquarters World War II по сети - officialservers.jpg,exists,
Mechanic Heroes по сети,sandbox,https://online-fix.me/uploads/posts/2024-04/2756621898_poster.jpg,Mechanic Heroes по сети - sandbox.jpg,exists,
Powerlust по сети,officialservers,https://online-fix.me/uploads/posts/2024-04/1900027938_poster.jpg,Powerlust по сети - officialservers.jpg,exists,
Driftland The Magic Revival по сети,simulator,https://online-fix.me/uploads/posts/2024-04/98992050_poster.jpg,Driftland The Magic Revival по сети - simulator.jpg,exists,
Rogue Masters по сети,adventures,https://online-fix.me/uploads/posts/2024-04/592155309_poster.jpg,Rogue Masters по сети - adventures.jpg,exists,
Godsworn по сети,strategy,https://online-fix.me/uploads/posts/2024-04/1053598037_poster.jpg,Godsworn по сети - strategy.jpg,exists,
Oh Deer по сети,survival,https://online-fix.me/uploads/posts/2024-03/1650413712_poster.jpg,Oh Deer по сети - survival.jpg,exists,
9-Bit Armies A Bit Too Far по сети,strategy,https://online-fix.me/uploads/posts/2024-03/3641561659_poster.jpg,9-Bit Armies A Bit Too Far по сети - strategy.jpg,exists,
Myth of Empires по сети,survival,https://online-fix.me/uploads/posts/2024-03/1506240556_poster.jpg,Myth of Empires по сети - survival.jpg,exists,
Cricket 24 по сети,officialservers,https://online-fix.me/uploads/posts/2024-03/1056009937_poster.jpg,Cricket 24 по сети - officialservers.jpg,exists,
Constructor Plus по сети,simulator,https://online-fix.me/uploads/posts/2024-02/3286777210_poster.jpg,Constructor Plus по сети - simulator.jpg,exists,
Jujutsu Kaisen Cursed Clash по сети,fighting,https://online-fix.me/uploads/posts/2024-02/1039554819_poster.jpg,Jujutsu Kaisen Cursed Clash по сети - fighting.jpg,exists,
Make Way по сети,racing,https://online-fix.me/uploads/posts/2024-02/1177756802_poster.jpg,Make Way по сети - racing.jpg,exists,
Pocket Bravery по сети,fighting,https://online-fix.me/uploads/posts/2024-01/2807197932_poster.jpg,Pocket Bravery по сети - fighting.jpg,exists,
Ultimate Marvel Vs Capcom 3 по сети,fighting,https://online-fix.me/uploads/posts/2024-01/2200611164_poster.jpg,Ultimate Marvel Vs Capcom 3 по сети - fighting.jpg,exists,
Zombie Survival Game Online по сети,survival,https://online-fix.me/uploads/posts/2024-01/3539879226_poster.jpg,Zombie Survival Game Online по сети - survival.jpg,exists,
Nuclear Option по сети,simulator,https://online-fix.me/uploads/posts/2024-01/1431654969_poster.jpg,Nuclear Option по сети - simulator.jpg,exists,
Stellaris Nexus по сети,strategy,https://online-fix.me/uploads/posts/2024-01/474734688_poster.jpg,Stellaris Nexus по сети - strategy.jpg,exists,
Strike Force Heroes по сети,shooter,https://online-fix.me/uploads/posts/2023-12/2284741868_poster.jpg,Strike Force Heroes по сети - shooter.jpg,exists,
Oxygen Not Included по сети,survival,https://online-fix.me/uploads/posts/2023-12/3613316403_poster.jpg,Oxygen Not Included по сети - survival.jpg,exists,
Dokapon Kingdom Connect по сети,rpg,https://online-fix.me/uploads/posts/2023-10/3442747645_poster.jpg,Dokapon Kingdom Connect по сети - rpg.jpg,ok,
Forza Motorsport по сети,officialservers,https://online-fix.me/uploads/posts/2023-10/1462284468_poster.jpg,Forza Motorsport по сети - officialservers.jpg,ok,
Horizon Chase 2 по сети,racing,https://online-fix.me/uploads/posts/2023-09/2813328846_poster.jpg,Horizon Chase 2 по сети - racing.jpg,ok,
Cosmoteer Starship Architect and Commander по сети,strategy,https://online-fix.me/uploads/posts/2023-09/212046196_poster.jpg,Cosmoteer Starship Architect and Commander по сети - strategy.jpg,ok,
Saleblazers по сети,survival,https://online-fix.me/uploads/posts/2023-10/3940371747_poster.jpg,Saleblazers по сети - survival.jpg,ok,
Desynced по сети,strategy,https://online-fix.me/uploads/posts/2023-08/3436905221_poster.jpg,Desynced по сети - strategy.jpg,ok,
Fallout 76 по сети,sandbox,https://online-fix.me/uploads/posts/2023-08/1531651590_poster.jpg,Fallout 76 по сети - sandbox.jpg,ok,
Sword Art Online Fatal Bullet по сети,rpg,https://online-fix.me/uploads/posts/2023-09/678411339_poster.jpg,Sword Art Online Fatal Bullet по сети - rpg.jpg,ok,
HumanitZ по сети,officialservers,https://online-fix.me/uploads/posts/2026-02/2720266568_poster.jpg,HumanitZ по сети - officialservers.jpg,ok,
ULTRAKILL по сети,shooter,https://online-fix.me/uploads/posts/2023-08/1035865752_poster.jpg,ULTRAKILL по сети - shooter.jpg,ok,
Cook-Out по сети,simulator,https://online-fix.me/uploads/posts/2023-07/87910928_poster.jpg,Cook-Out по сети - simulator.jpg,ok,
Feudal Friends по сети,strategy,https://online-fix.me/uploads/posts/2023-07/1268310136_poster.jpg,Feudal Friends по сети - strategy.jpg,ok,
Techtonica по сети,sandbox,https://online-fix.me/uploads/posts/2023-07/1689445728_poster.jpg,Techtonica по сети - sandbox.jpg,ok,
Heist Kitty Multiplayer Cat Simulator Game по сети,simulator,https://online-fix.me/uploads/posts/2023-06/1343914453_poster.jpg,Heist Kitty Multiplayer Cat Simulator Game по сети - simulator.jpg,ok,
Its Only Money по сети,simulator,https://online-fix.me/uploads/posts/2023-06/2744260965_poster.jpg,Its Only Money по сети - simulator.jpg,ok,
Serious Fun Football по сети,arcade,https://online-fix.me/uploads/posts/2023-07/2016917000_poster.jpg,Serious Fun Football по сети - arcade.jpg,ok,
Extremely Realistic Siege Warfare Simulator по сети,strategy,https://online-fix.me/uploads/posts/2023-07/3593123408_poster.jpg,Extremely Realistic Siege Warfare Simulator по сети - strategy.jpg,ok,
Mechabellum по сети,strategy,https://online-fix.me/uploads/posts/2023-06/75227940_poster.jpg,Mechabellum по сети - strategy.jpg,ok,
Worms Clan Wars по сети,sandbox,https://online-fix.me/uploads/posts/2023-06/4167455897_poster.jpg,Worms Clan Wars по сети - sandbox.jpg,ok,
Modbox по сети,sandbox,https://online-fix.me/uploads/posts/2023-06/656362870_poster.jpg,Modbox по сети - sandbox.jpg,ok,
ICARUS по сети,sandbox,https://online-fix.me/uploads/posts/2023-06/3014653760_poster.jpg,ICARUS по сети - sandbox.jpg,ok,
The RPG Engine по сети,sandbox,https://online-fix.me/uploads/posts/2023-06/1873275065_poster.jpg,The RPG Engine по сети - sandbox.jpg,ok,
Glitch Busters Stuck On You по сети,shooter,https://online-fix.me/uploads/posts/2023-06/3247616633_poster.jpg,Glitch Busters Stuck On You по сети - shooter.jpg,ok,
Friends vs Friends по сети,shooter,https://online-fix.me/uploads/posts/2023-06/3715928445_poster.jpg,Friends vs Friends по сети - shooter.jpg,ok,
Ratty Catty по сети,survival,https://online-fix.me/uploads/posts/2023-05/1979974117_poster.jpg,Ratty Catty по сети - survival.jpg,ok,
Silica по сети,strategy,https://online-fix.me/uploads/posts/2023-05/1245893380_poster.jpg,Silica по сети - strategy.jpg,ok,
For The King II по сети,officialservers,https://online-fix.me/uploads/posts/2025-05/3685029370_poster.jpg,For The King II по сети - officialservers.jpg,ok,
Screaming Chicken Ultimate Showdown по сети,fighting,https://online-fix.me/uploads/posts/2023-04/3425309286_poster.jpg,Screaming Chicken Ultimate Showdown по сети - fighting.jpg,ok,
Sins of a Solar Empire Rebellion по сети,strategy,https://online-fix.me/uploads/posts/2023-04/990749296_poster.jpg,Sins of a Solar Empire Rebellion по сети - strategy.jpg,ok,
Battlefleet Gothic Armada 2 по сети,strategy,https://online-fix.me/uploads/posts/2023-04/689293881_poster.jpg,Battlefleet Gothic Armada 2 по сети - strategy.jpg,ok,
Deceive Inc по сети,adventures,https://online-fix.me/uploads/posts/2023-03/580264387_poster.jpg,Deceive Inc по сети - adventures.jpg,ok,
Out of Reach по сети,survival,https://online-fix.me/uploads/posts/2023-03/3497297153_poster.jpg,Out of Reach по сети - survival.jpg,ok,
Minecraft Legends по сети,adventures,https://online-fix.me/uploads/posts/2023-04/3588592237_poster.jpg,Minecraft Legends по сети - adventures.jpg,ok,
Ravenfield по сети,shooter,https://online-fix.me/uploads/posts/2023-03/2851206468_poster.jpg,Ravenfield по сети - shooter.jpg,ok,
From the Depths по сети,strategy,https://online-fix.me/uploads/posts/2023-03/720843006_poster.jpg,From the Depths по сети - strategy.jpg,ok,
Touge Shakai по сети,racing,https://online-fix.me/uploads/posts/2023-03/3263257214_poster.jpg,Touge Shakai по сети - racing.jpg,ok,
Turmoil по сети,strategy,https://online-fix.me/uploads/posts/2023-02/508755387_poster.jpg,Turmoil по сети - strategy.jpg,ok,
Superfuse по сети,strategy,https://online-fix.me/uploads/posts/2023-02/2966517433_poster.jpg,Superfuse по сети - strategy.jpg,ok,
No One Survived по сети,sandbox,https://online-fix.me/uploads/posts/2023-02/1627387277_poster.jpg,No One Survived по сети - sandbox.jpg,ok,
Legion TD 2 по сети,strategy,https://online-fix.me/uploads/posts/2023-02/3712875541_poster.jpg,Legion TD 2 по сети - strategy.jpg,ok,
I will eat you по сети,arcade,https://online-fix.me/uploads/posts/2023-02/1367436793_poster.jpg,I will eat you по сети - arcade.jpg,ok,
Lets Cook по сети,sandbox,https://online-fix.me/uploads/posts/2023-01/1108159423_poster.jpg,Lets Cook по сети - sandbox.jpg,ok,
Creativerse по сети,sandbox,https://online-fix.me/uploads/posts/2023-01/1897500913_poster.jpg,Creativerse по сети - sandbox.jpg,ok,
Happenlance по сети,arcade,https://online-fix.me/uploads/posts/2023-01/3406595010_poster.jpg,Happenlance по сети - arcade.jpg,ok,
Shredders по сети,simulator,https://online-fix.me/uploads/posts/2023-01/1199769890_poster.jpg,Shredders по сети - simulator.jpg,ok,
River City Girls 2 по сети,adventures,https://online-fix.me/uploads/posts/2023-01/1217732709_poster.jpg,River City Girls 2 по сети - adventures.jpg,ok,
Son of Nor по сети,adventures,https://online-fix.me/uploads/posts/2022-12/2965337366_poster.jpg,Son of Nor по сети - adventures.jpg,ok,
Gunheart по сети,shooter,https://online-fix.me/uploads/posts/2022-12/3962684870_poster.jpg,Gunheart по сети - shooter.jpg,ok,
TOKYO GHOUL re [CALL to EXIST] по сети,fighting,https://online-fix.me/uploads/posts/2022-12/2662069378_poster.jpg,TOKYO GHOUL re [CALL to EXIST] по сети - fighting.jpg,ok,
Rise of Nations Extended Edition по сети,strategy,https://online-fix.me/uploads/posts/2022-12/1807374634_poster.jpg,Rise of Nations Extended Edition по сети - strategy.jpg,ok,
Into The Flames по сети,simulator,https://online-fix.me/uploads/posts/2022-12/4169955640_poster.jpg,Into The Flames по сети - simulator.jpg,ok,
The Jackbox Party Pack 4 по сети,arcade,https://online-fix.me/uploads/posts/2022-12/101327353_poster.jpg,The Jackbox Party Pack 4 по сети - arcade.jpg,ok,
Evil West по сети,rpg,https://online-fix.me/uploads/posts/2022-11/329156858_poster.jpg,Evil West по сети - rpg.jpg,ok,
Pickup Basketball VR по сети,simulator,https://online-fix.me/uploads/posts/2022-11/2920246305_poster.jpg,Pickup Basketball VR по сети - simulator.jpg,ok,
The Jackbox Party Pack 9 по сети,puzzles,https://online-fix.me/uploads/posts/2022-11/3618988019_poster.jpg,The Jackbox Party Pack 9 по сети - puzzles.jpg,ok,
Goat Simulator 3 по сети,adventures,https://online-fix.me/uploads/posts/2022-11/3475416968_poster.jpg,Goat Simulator 3 по сети - adventures.jpg,ok,
Bravery and Greed по сети,rpg,https://online-fix.me/uploads/posts/2022-11/1993567894_poster.jpg,Bravery and Greed по сети - rpg.jpg,ok,
Astro Colony по сети,sandbox,https://online-fix.me/uploads/posts/2022-11/4071147841_poster.jpg,Astro Colony по сети - sandbox.jpg,ok,
Hell is Others по сети,shooter,https://online-fix.me/uploads/posts/2022-11/570970674_poster.jpg,Hell is Others по сети - shooter.jpg,ok,
WRC Generations по сети,racing,https://online-fix.me/uploads/posts/2022-11/2600755194_poster.jpg,WRC Generations по сети - racing.jpg,ok,
Ancient Wars Sparta Definitive Edition по сети,strategy,https://online-fix.me/uploads/posts/2022-11/1099098244_poster.jpg,Ancient Wars Sparta Definitive Edition по сети - strategy.jpg,ok,
Ghostbusters Spirits Unleashed по сети,horror,https://online-fix.me/uploads/posts/2022-10/4007259094_poster.jpg,Ghostbusters Spirits Unleashed по сети - horror.jpg,ok,
"Warhammer 40,000 Shootas, Blood &amp; Teef по сети",shooter,https://online-fix.me/uploads/posts/2022-10/1979457039_poster.jpg,"Warhammer 40,000 Shootas, Blood &amp; Teef по сети - shooter.jpg",ok,
Guns N Stuff 2 по сети,shooter,https://online-fix.me/uploads/posts/2022-10/924634017_poster.jpg,Guns N Stuff 2 по сети - shooter.jpg,ok,
Monster Prom 3 Monster Roadtrip по сети,simulator,https://online-fix.me/uploads/posts/2022-10/3616460452_poster.jpg,Monster Prom 3 Monster Roadtrip по сети - simulator.jpg,ok,
Eville по сети,rpg,https://online-fix.me/uploads/posts/2022-10/4206861266_poster.jpg,Eville по сети - rpg.jpg,ok,
Son of a Witch по сети,rpg,https://online-fix.me/uploads/posts/2022-10/1756574534_poster.jpg,Son of a Witch по сети - rpg.jpg,ok,
Distrust Polar Survival по сети,survival,https://online-fix.me/uploads/posts/2022-10/727375726_poster.jpg,Distrust Polar Survival по сети - survival.jpg,ok,
MX vs ATV Legends по сети,racing,https://online-fix.me/uploads/posts/2022-10/135777687_poster.jpg,MX vs ATV Legends по сети - racing.jpg,ok,
Bake n Switch по сети,adventures,https://online-fix.me/uploads/posts/2022-10/2042925560_poster.jpg,Bake n Switch по сети - adventures.jpg,ok,
Chivalry 2 по сети,rpg,https://online-fix.me/uploads/posts/2021-07/1579839757_poster.jpg,Chivalry 2 по сети - rpg.jpg,ok,
Star Drift Evolution по сети,racing,https://online-fix.me/uploads/posts/2022-10/3929078586_poster.jpg,Star Drift Evolution по сети - racing.jpg,ok,
Prodeus по сети,shooter,https://online-fix.me/uploads/posts/2022-09/3692610412_poster.jpg,Prodeus по сети - shooter.jpg,ok,
Raw Data по сети,shooter,https://online-fix.me/uploads/posts/2022-09/2787329818_poster.jpg,Raw Data по сети - shooter.jpg,ok,
Ultimate Fishing Simulator 2 по сети,simulator,https://online-fix.me/uploads/posts/2022-09/579548339_poster.jpg,Ultimate Fishing Simulator 2 по сети - simulator.jpg,ok,
SpiderHeck по сети,fighting,https://online-fix.me/uploads/posts/2022-10/4253069949_poster.jpg,SpiderHeck по сети - fighting.jpg,ok,
Aliens vs Predator по сети,shooter,https://online-fix.me/uploads/posts/2022-09/2980202188_poster.jpg,Aliens vs Predator по сети - shooter.jpg,ok,
LEGO Brawls по сети,fighting,https://online-fix.me/uploads/posts/2022-09/342861127_poster.jpg,LEGO Brawls по сети - fighting.jpg,ok,
Hyper Light Drifter по сети,adventures,https://online-fix.me/uploads/posts/2022-09/650983034_poster.jpg,Hyper Light Drifter по сети - adventures.jpg,ok,
Ball 3D Soccer Online по сети,simulator,https://online-fix.me/uploads/posts/2022-09/302274996_poster.jpg,Ball 3D Soccer Online по сети - simulator.jpg,ok,
Teenage Mutant Ninja Turtles The Cowabunga Collection по сети,fighting,https://online-fix.me/uploads/posts/2022-09/407166561_poster.jpg,Teenage Mutant Ninja Turtles The Cowabunga Collection по сети - fighting.jpg,ok,
Shovel Knight Treasure Trove по сети,arcade,https://online-fix.me/uploads/posts/2022-08/1826429845_poster.jpg,Shovel Knight Treasure Trove по сети - arcade.jpg,ok,
Samurai Gunn 2 по сети,fighting,https://online-fix.me/uploads/posts/2022-08/3833714384_poster.jpg,Samurai Gunn 2 по сети - fighting.jpg,ok,
Flat Heroes по сети,arcade,https://online-fix.me/uploads/posts/2022-08/4061821464_poster.jpg,Flat Heroes по сети - arcade.jpg,ok,
Who Wants To Be A Millionaire по сети,puzzles,https://online-fix.me/uploads/posts/2022-09/297262842_poster.jpg,Who Wants To Be A Millionaire по сети - puzzles.jpg,ok,
Diner Bros по сети,simulator,https://online-fix.me/uploads/posts/2022-07/1384560237_poster.jpg,Diner Bros по сети - simulator.jpg,ok,
A Total War Saga THRONES OF BRITANNIA по сети,strategy,https://online-fix.me/uploads/posts/2022-08/3772736313_poster.jpg,A Total War Saga THRONES OF BRITANNIA по сети - strategy.jpg,ok,
Contagion по сети,shooter,https://online-fix.me/uploads/posts/2022-08/389351883_poster.jpg,Contagion по сети - shooter.jpg,ok,
Storm Chasers по сети,simulator,https://online-fix.me/uploads/posts/2022-08/2494120883_poster.jpg,Storm Chasers по сети - simulator.jpg,ok,
Shift Happens по сети,puzzles,https://online-fix.me/uploads/posts/2022-07/442149668_poster.jpg,Shift Happens по сети - puzzles.jpg,ok,
The Jackbox Party Starter по сети,puzzles,https://online-fix.me/uploads/posts/2022-07/1469067278_poster.jpg,The Jackbox Party Starter по сети - puzzles.jpg,ok,
Memories of Mars по сети,shooter,https://online-fix.me/uploads/posts/2022-07/4057010798_poster.jpg,Memories of Mars по сети - shooter.jpg,ok,
Sniper Elite V2 Remastered по сети,shooter,https://online-fix.me/uploads/posts/2022-08/545477367_poster.jpg,Sniper Elite V2 Remastered по сети - shooter.jpg,ok,
Hero's Hour по сети,strategy,https://online-fix.me/uploads/posts/2022-07/2608649703_poster.jpg,Hero's Hour по сети - strategy.jpg,ok,
Monster Hunter Stories 2 Wings of Ruin по сети,adventures,https://online-fix.me/uploads/posts/2022-07/1428973325_poster.jpg,Monster Hunter Stories 2 Wings of Ruin по сети - adventures.jpg,ok,
The Backrooms Survival по сети,horror,https://online-fix.me/uploads/posts/2022-06/1474469633_poster.jpg,The Backrooms Survival по сети - horror.jpg,ok,
Company of Heroes 2 по сети,strategy,https://online-fix.me/uploads/posts/2022-06/647679074_poster.jpg,Company of Heroes 2 по сети - strategy.jpg,ok,
HyperBrawl Tournament по сети,arcade,https://online-fix.me/uploads/posts/2022-06/3908038801_poster.jpg,HyperBrawl Tournament по сети - arcade.jpg,ok,
Longvinter по сети,survival,https://online-fix.me/uploads/posts/2025-03/3475466406_poster.jpg,Longvinter по сети - survival.jpg,ok,
Mashinky по сети,strategy,https://online-fix.me/uploads/posts/2022-06/286357097_poster.jpg,Mashinky по сети - strategy.jpg,ok,
The Cursed Crusade по сети,adventures,https://online-fix.me/uploads/posts/2022-06/2403126303_poster.jpg,The Cursed Crusade по сети - adventures.jpg,ok,
Evil Dead The Game по сети,shooter,https://online-fix.me/uploads/posts/2022-05/900971675_poster.jpg,Evil Dead The Game по сети - shooter.jpg,ok,
Old World по сети,strategy,https://online-fix.me/uploads/posts/2022-05/764183385_poster.jpg,Old World по сети - strategy.jpg,ok,
Salt and Sacrifice по сети,rpg,https://online-fix.me/uploads/posts/2022-05/1819615141_poster.jpg,Salt and Sacrifice по сети - rpg.jpg,ok,
Vox Machinae по сети,shooter,https://online-fix.me/uploads/posts/2022-05/531159576_poster.jpg,Vox Machinae по сети - shooter.jpg,ok,
DeadPoly по сети,survival,https://online-fix.me/uploads/posts/2022-05/2359168769_poster.jpg,DeadPoly по сети - survival.jpg,ok,
GROUND BRANCH по сети,shooter,https://online-fix.me/uploads/posts/2021-07/3635967954_poster.jpg,GROUND BRANCH по сети - shooter.jpg,ok,
Knight Squad 2 по сети,arcade,https://online-fix.me/uploads/posts/2021-07/1089754400_poster.jpg,Knight Squad 2 по сети - arcade.jpg,ok,
Eximius Seize the Frontline по сети,shooter,https://online-fix.me/uploads/posts/2021-07/1929812249_poster.jpg,Eximius Seize the Frontline по сети - shooter.jpg,ok,
INVERSUS Deluxe по сети,puzzles,https://online-fix.me/uploads/posts/2021-07/392282111_poster.jpg,INVERSUS Deluxe по сети - puzzles.jpg,ok,
Hyper Jam по сети,adventures,https://online-fix.me/uploads/posts/2021-05/1195317664_poster.jpg,Hyper Jam по сети - adventures.jpg,ok,
A House of Thieves по сети,strategy,https://online-fix.me/uploads/posts/2021-07/2241199297_poster.jpg,A House of Thieves по сети - strategy.jpg,ok,
Call to Arms Gates of Hell Ostfront по сети,strategy,https://online-fix.me/uploads/posts/2021-06/2227283133_poster.jpg,Call to Arms Gates of Hell Ostfront по сети - strategy.jpg,ok,
Mortal Kombat Komplete Edition по сети,fighting,https://online-fix.me/uploads/posts/2021-04/2827465450_poster.jpg,Mortal Kombat Komplete Edition по сети - fighting.jpg,ok,
Headsnatchers по сети,adventures,https://online-fix.me/uploads/posts/2021-04/75256197_poster.jpg,Headsnatchers по сети - adventures.jpg,ok,
Spacebase Startopia по сети,strategy,https://online-fix.me/uploads/posts/2021-04/4255970369_poster.jpg,Spacebase Startopia по сети - strategy.jpg,ok,
Pogostuck Rage With Your Friends по сети,adventures,https://online-fix.me/uploads/posts/2021-04/1608725846_poster.jpg,Pogostuck Rage With Your Friends по сети - adventures.jpg,ok,
Ashes of the Singularity Escalation по сети,strategy,https://online-fix.me/uploads/posts/2021-03/2246893693_poster.jpg,Ashes of the Singularity Escalation по сети - strategy.jpg,ok,
UnEpic по сети,rpg,https://online-fix.me/uploads/posts/2021-04/398643716_poster.jpg,UnEpic по сети - rpg.jpg,ok,
Hotshot Racing по сети,racing,https://online-fix.me/uploads/posts/2021-03/1983217620_poster.jpg,Hotshot Racing по сети - racing.jpg,ok,
Puyo Puyo Tetris 2 по сети,arcade,https://online-fix.me/uploads/posts/2021-03/2789022083_poster.jpg,Puyo Puyo Tetris 2 по сети - arcade.jpg,ok,
Stronghold Warlords по сети,simulator,https://online-fix.me/uploads/posts/2021-03/4227842937_poster.jpg,Stronghold Warlords по сети - simulator.jpg,ok,
Total War WARHAMMER по сети,strategy,https://online-fix.me/uploads/posts/2021-03/3973661191_poster.jpg,Total War WARHAMMER по сети - strategy.jpg,ok,
Forza Horizon 4 по сети,racing,https://online-fix.me/uploads/posts/2021-03/3162151853_poster.jpg,Forza Horizon 4 по сети - racing.jpg,ok,
Skullgirls 2nd Encore по сети,fighting,https://online-fix.me/uploads/posts/2021-02/1397689454_poster.jpg,Skullgirls 2nd Encore по сети - fighting.jpg,ok,
The Guild 3 по сети,simulator,https://online-fix.me/uploads/posts/2021-02/3488792654_poster.jpg,The Guild 3 по сети - simulator.jpg,ok,
Wargroove по сети,strategy,https://online-fix.me/uploads/posts/2021-02/454979265_poster.jpg,Wargroove по сети - strategy.jpg,ok,
ICBM по сети,strategy,https://online-fix.me/uploads/posts/2021-02/2195486366_poster.jpg,ICBM по сети - strategy.jpg,ok,
Wizard of Legend по сети,rpg,https://online-fix.me/uploads/posts/2021-02/908254419_poster.jpg,Wizard of Legend по сети - rpg.jpg,ok,
Total War NAPOLEON Definitive Edition по сети,strategy,https://online-fix.me/uploads/posts/2021-02/1536074618_poster.jpg,Total War NAPOLEON Definitive Edition по сети - strategy.jpg,ok,
Panzer Corps 2 по сети,strategy,https://online-fix.me/uploads/posts/2021-02/43044401_poster.jpg,Panzer Corps 2 по сети - strategy.jpg,ok,
Total War EMPIRE Definitive Edition по сети,strategy,https://online-fix.me/uploads/posts/2021-02/2391171613_poster.jpg,Total War EMPIRE Definitive Edition по сети - strategy.jpg,ok,
EARTH DEFENSE FORCE IRON RAIN по сети,adventures,https://online-fix.me/uploads/posts/2021-02/2611892299_poster.jpg,EARTH DEFENSE FORCE IRON RAIN по сети - adventures.jpg,ok,
Sports Bar VR по сети,vr,https://online-fix.me/uploads/posts/2021-01/3080202961_poster.jpg,Sports Bar VR по сети - vr.jpg,ok,
Total War SHOGUN 2 по сети,strategy,https://online-fix.me/uploads/posts/2021-02/1822254845_poster.jpg,Total War SHOGUN 2 по сети - strategy.jpg,ok,
Attack on Titan 2 по сети,shooter,https://online-fix.me/uploads/posts/2021-01/1023684559_poster.jpg,Attack on Titan 2 по сети - shooter.jpg,ok,
Total War THREE KINGDOMS по сети,strategy,https://online-fix.me/uploads/posts/2021-02/2791680186_poster.jpg,Total War THREE KINGDOMS по сети - strategy.jpg,ok,
Kingdoms Reborn по сети,strategy,https://online-fix.me/uploads/posts/2021-01/1701091664_poster.jpg,Kingdoms Reborn по сети - strategy.jpg,ok,
Aliens Colonial Marines по сети,shooter,https://online-fix.me/uploads/posts/2021-01/1709353609_poster.jpg,Aliens Colonial Marines по сети - shooter.jpg,ok,
DRAGON BALL XENOVERSE 2 по сети,fighting,https://online-fix.me/uploads/posts/2021-01/688731000_poster.jpg,DRAGON BALL XENOVERSE 2 по сети - fighting.jpg,ok,
SpellForce 3 Soul Harvest по сети,rpg,https://online-fix.me/uploads/posts/2020-12/1476820784_poster.jpg,SpellForce 3 Soul Harvest по сети - rpg.jpg,ok,
Executive Assault 2 по сети,shooter,https://online-fix.me/uploads/posts/2020-12/1773025833_poster.jpg,Executive Assault 2 по сети - shooter.jpg,ok,
SpellForce 3 по сети,rpg,https://online-fix.me/uploads/posts/2020-12/3168028125_poster.jpg,SpellForce 3 по сети - rpg.jpg,ok,
Agrou по сети,adventures,https://online-fix.me/uploads/posts/2020-12/1099474152_poster.jpg,Agrou по сети - adventures.jpg,ok,
Sword Art Online Hollow Realization Deluxe Edition по сети,adventures,https://online-fix.me/uploads/posts/2020-12/453671345_poster.jpg,Sword Art Online Hollow Realization Deluxe Edition по сети - adventures.jpg,ok,
Half Dead 2 по сети,survival,https://online-fix.me/uploads/posts/2020-12/2387647219_poster.jpg,Half Dead 2 по сети - survival.jpg,ok,
Worbital по сети,strategy,https://online-fix.me/uploads/posts/2020-11/1972472718_poster.jpg,Worbital по сети - strategy.jpg,ok,
Pacify по сети,horror,https://online-fix.me/uploads/posts/2020-11/1131190947_poster.jpg,Pacify по сети - horror.jpg,ok,
DiRT Rally 2.0 по сети,racing,https://online-fix.me/uploads/posts/2020-11/1984692741_poster.jpg,DiRT Rally 2.0 по сети - racing.jpg,ok,
Blackwake по сети,shooter,https://online-fix.me/uploads/posts/2020-11/1745840346_poster.jpg,Blackwake по сети - shooter.jpg,ok,
Call To Arms по сети,strategy,https://online-fix.me/uploads/posts/2020-10/3345972620_poster.jpg,Call To Arms по сети - strategy.jpg,ok,
Shotgun Farmers по сети,shooter,https://online-fix.me/uploads/posts/2020-11/492014412_poster.jpg,Shotgun Farmers по сети - shooter.jpg,ok,
Welcome to Princeland по сети,adventures,https://online-fix.me/uploads/posts/2020-10/2854415689_poster.jpg,Welcome to Princeland по сети - adventures.jpg,ok,
PixARK по сети,adventures,https://online-fix.me/uploads/posts/2020-09/2811967635_poster.jpg,PixARK по сети - adventures.jpg,ok,
The Long Drive по сети,racing,https://online-fix.me/uploads/posts/2020-09/539836857_poster.jpg,The Long Drive по сети - racing.jpg,ok,
NARUTO SHIPPUDEN Ultimate Ninja STORM 4 по сети,fighting,https://online-fix.me/uploads/posts/2020-10/3994518271_poster.jpg,NARUTO SHIPPUDEN Ultimate Ninja STORM 4 по сети - fighting.jpg,ok,
Total War Attila по сети,strategy,https://online-fix.me/uploads/posts/2020-09/2071193862_poster.jpg,Total War Attila по сети - strategy.jpg,ok,
Beat Me! по сети,survival,https://online-fix.me/uploads/posts/2020-09/1814585227_poster.jpg,Beat Me! по сети - survival.jpg,ok,
Planetoid Pioneers Online по сети,shooter,https://online-fix.me/uploads/posts/2020-09/284350915_poster.jpg,Planetoid Pioneers Online по сети - shooter.jpg,ok,
BLADENET по сети,shooter,https://online-fix.me/uploads/posts/2020-09/1861897057_poster.jpg,BLADENET по сети - shooter.jpg,ok,
Griefhelm по сети,fighting,https://online-fix.me/uploads/posts/2020-09/886061968_poster.jpg,Griefhelm по сети - fighting.jpg,ok,
Curious Cases по сети,sandbox,https://online-fix.me/uploads/posts/2020-08/3097727874_poster.jpg,Curious Cases по сети - sandbox.jpg,ok,
Arma 3 по сети,shooter,https://online-fix.me/uploads/posts/2020-09/3083891097_poster.jpg,Arma 3 по сети - shooter.jpg,ok,
Warhammer 40000 Gladius - Relics of War по сети,strategy,https://online-fix.me/uploads/posts/2020-08/3623290616_poster.jpg,Warhammer 40000 Gladius - Relics of War по сети - strategy.jpg,ok,
Ancestors Legacy по сети,strategy,https://online-fix.me/uploads/posts/2020-09/612630719_poster.jpg,Ancestors Legacy по сети - strategy.jpg,ok,
Mortal Kombat X по сети,fighting,https://online-fix.me/uploads/posts/2020-07/998879391_poster.jpg,Mortal Kombat X по сети - fighting.jpg,ok,
Fight Crab по сети,fighting,https://online-fix.me/uploads/posts/2020-08/3501923995_poster.jpg,Fight Crab по сети - fighting.jpg,ok,
Hellpoint по сети,shooter,https://online-fix.me/uploads/posts/2020-08/1873732979_poster.jpg,Hellpoint по сети - shooter.jpg,ok,
Ryse Son of Rome по сети,fighting,https://online-fix.me/uploads/posts/2020-08/988265014_poster.jpg,Ryse Son of Rome по сети - fighting.jpg,ok,
7 Days To Die по сети,officialservers,https://online-fix.me/uploads/posts/2025-07/1803144587_poster.jpg,7 Days To Die по сети - officialservers.jpg,ok,
Sniper Elite 3 по сети,shooter,https://online-fix.me/uploads/posts/2020-07/3386021628_poster.jpg,Sniper Elite 3 по сети - shooter.jpg,ok,
Sekiro Shadows Die Twice по сети,shooter,https://online-fix.me/uploads/posts/2020-07/1825716356_poster.jpg,Sekiro Shadows Die Twice по сети - shooter.jpg,ok,
Ben and Ed Blood Party по сети,shooter,https://online-fix.me/uploads/posts/2020-07/1904375460_poster.jpg,Ben and Ed Blood Party по сети - shooter.jpg,ok,
Pit People по сети,strategy,https://online-fix.me/uploads/posts/2020-07/4159551146_poster.jpg,Pit People по сети - strategy.jpg,ok,
ShellShock Live по сети,strategy,https://online-fix.me/uploads/posts/2020-05/2505651612_poster.jpg,ShellShock Live по сети - strategy.jpg,ok,
Men of War Assault Squad 2 по сети,strategy,https://online-fix.me/uploads/posts/2020-07/2223945175_poster.jpg,Men of War Assault Squad 2 по сети - strategy.jpg,ok,
Castle Story по сети,strategy,https://online-fix.me/uploads/posts/2020-05/2532042431_poster.jpg,Castle Story по сети - strategy.jpg,ok,
Bossgard по сети,arcade,https://online-fix.me/uploads/posts/2020-05/1599064129_poster.jpg,Bossgard по сети - arcade.jpg,ok,
Spec Ops The Line по сети,shooter,https://online-fix.me/uploads/posts/2020-05/2152565502_poster.jpg,Spec Ops The Line по сети - shooter.jpg,ok,
Halo The Master Chief Collection по сети,shooter,https://online-fix.me/uploads/posts/2020-05/1698157939_poster.jpg,Halo The Master Chief Collection по сети - shooter.jpg,ok,
Circle Empires Rivals по сети,strategy,https://online-fix.me/uploads/posts/2020-05/416685204_poster.jpg,Circle Empires Rivals по сети - strategy.jpg,ok,
Conan Exiles по сети,survival,https://online-fix.me/uploads/posts/2020-06/605959962_poster.jpg,Conan Exiles по сети - survival.jpg,ok,
Total War Rome II Emperor Edition по сети,strategy,https://online-fix.me/uploads/posts/2020-06/2349822769_poster.jpg,Total War Rome II Emperor Edition по сети - strategy.jpg,ok,
Sniper Elite 4 по сети,shooter,https://online-fix.me/uploads/posts/2020-05/941305772_poster.jpg,Sniper Elite 4 по сети - shooter.jpg,ok,
RWBY Grimm Eclipse по сети,shooter,https://online-fix.me/uploads/posts/2020-06/2680236609_poster.jpg,RWBY Grimm Eclipse по сети - shooter.jpg,ok,
Serious Sam 3 BFE по сети,shooter,https://online-fix.me/uploads/posts/2020-06/3197732537_poster.jpg,Serious Sam 3 BFE по сети - shooter.jpg,ok,
HYPERCHARGE Unboxed по сети,shooter,https://online-fix.me/uploads/posts/2020-05/1170264093_poster.jpg,HYPERCHARGE Unboxed по сети - shooter.jpg,ok,
Project Winter по сети,survival,https://online-fix.me/uploads/posts/2020-05/1684121252_poster.jpg,Project Winter по сети - survival.jpg,ok,
Streets of Rage 4 по сети,fighting,https://online-fix.me/uploads/posts/2020-05/4256582154_poster.jpg,Streets of Rage 4 по сети - fighting.jpg,ok,
BIGFOOT по сети,survival,https://online-fix.me/uploads/posts/2020-04/1429105244_poster.jpg,BIGFOOT по сети - survival.jpg,ok,
Project Zomboid по сети,survival,https://online-fix.me/uploads/posts/2025-12/3814091724_poster.jpg,Project Zomboid по сети - survival.jpg,ok,
Arizona Sunshine по сети,shooter,https://online-fix.me/uploads/posts/2020-04/2466260030_poster.jpg,Arizona Sunshine по сети - shooter.jpg,ok,
Rocket League по сети,racing,https://online-fix.me/uploads/posts/2020-05/4268757679_poster.jpg,Rocket League по сети - racing.jpg,ok,
Total War WARHAMMER II по сети,shooter,https://online-fix.me/uploads/posts/2020-03/2505436355_poster.jpg,Total War WARHAMMER II по сети - shooter.jpg,ok,
DAEMON X MACHINA по сети,shooter,https://online-fix.me/uploads/posts/2020-03/386085726_poster.jpg,DAEMON X MACHINA по сети - shooter.jpg,ok,
Human: Fall Flat по сети,arcade,https://online-fix.me/uploads/posts/2020-01/3210424696_poster.jpg,Human Fall Flat по сети - arcade.jpg,ok,
The Escapists 2 по сети,arcade,https://online-fix.me/uploads/posts/2020-02/1940255846_poster.jpg,The Escapists 2 по сети - arcade.jpg,ok,
Beyond Senses по сети,horror,https://online-fix.me/uploads/posts/2020-01/2760508408_poster.jpg,Beyond Senses по сети - horror.jpg,ok,
TerraTech по сети,sandbox,https://online-fix.me/uploads/posts/2020-01/1865060775_poster.jpg,TerraTech по сети - sandbox.jpg,ok,
Rivals of Aether по сети,arcade,https://online-fix.me/uploads/posts/2020-01/341554065_poster.jpg,Rivals of Aether по сети - arcade.jpg,ok,
Mother Russia Bleeds по сети,fighting,https://online-fix.me/uploads/posts/2019-12/601836563_poster.jpg,Mother Russia Bleeds по сети - fighting.jpg,ok,
Escape First 2 по сети,horror,https://online-fix.me/uploads/posts/2019-12/1746572784_poster.jpg,Escape First 2 по сети - horror.jpg,ok,
Resident Evil 6 по сети,shooter,https://online-fix.me/uploads/posts/2019-12/3605176149_poster.jpg,Resident Evil 6 по сети - shooter.jpg,ok,
Secret Neighbor по сети,survival,https://online-fix.me/uploads/posts/2020-01/4012251454_poster.jpg,Secret Neighbor по сети - survival.jpg,ok,
Sacred 2 Gold по сети,rpg,https://online-fix.me/uploads/posts/2019-12/2693679763_poster.jpg,Sacred 2 Gold по сети - rpg.jpg,ok,
Factorio по сети,simulator,https://online-fix.me/uploads/posts/2019-12/963698770_poster.jpg,Factorio по сети - simulator.jpg,ok,
No Mans Sky по сети,sandbox,https://online-fix.me/uploads/posts/2019-12/950843059_poster.jpg,No Mans Sky по сети - sandbox.jpg,ok,
Starbound по сети,sandbox,https://online-fix.me/uploads/posts/2019-12/688249035_poster.jpg,Starbound по сети - sandbox.jpg,ok,
Dying Light по сети,survival,http://online-fix.me/uploads/posts/2019-10/1614918417_poster.jpg,Dying Light по сети - survival.jpg,ok,
Abyss Odyssey по сети,adventures,https://online-fix.me/uploads/posts/2022-02/1080967236_poster.jpg,Abyss Odyssey по сети - adventures.jpg,ok,
QUAKE по сети,shooter,https://online-fix.me/uploads/posts/2022-02/1512616497_poster.jpg,QUAKE по сети - shooter.jpg,ok,
Perfect Heist 2 по сети,adventures,https://online-fix.me/uploads/posts/2022-01/2043703865_poster.jpg,Perfect Heist 2 по сети - adventures.jpg,ok,
Easy Red 2 по сети,shooter,https://online-fix.me/uploads/posts/2022-01/3724987539_poster.jpg,Easy Red 2 по сети - shooter.jpg,ok,
Tetris Effect Connected по сети,puzzles,https://online-fix.me/uploads/posts/2022-01/2789450116_poster.jpg,Tetris Effect Connected по сети - puzzles.jpg,ok,
Retimed по сети,arcade,https://online-fix.me/uploads/posts/2022-01/280709432_poster.jpg,Retimed по сети - arcade.jpg,ok,
Tropico 5 по сети,simulator,https://online-fix.me/uploads/posts/2022-01/2249347606_poster.jpg,Tropico 5 по сети - simulator.jpg,ok,
Save Your Nuts по сети,arcade,https://online-fix.me/uploads/posts/2022-01/613867293_poster.jpg,Save Your Nuts по сети - arcade.jpg,ok,
Guardians VR по сети,strategy,https://online-fix.me/uploads/posts/2022-01/287521415_poster.jpg,Guardians VR по сети - strategy.jpg,ok,
Krampus is Home по сети,horror,https://online-fix.me/uploads/posts/2022-01/1438859765_poster.jpg,Krampus is Home по сети - horror.jpg,ok,
Earthfall по сети,shooter,https://online-fix.me/uploads/posts/2022-01/19289419_poster.jpg,Earthfall по сети - shooter.jpg,ok,
Geneshift по сети,arcade,https://online-fix.me/uploads/posts/2022-01/3806534038_poster.jpg,Geneshift по сети - arcade.jpg,ok,
Wayward по сети,survival,https://online-fix.me/uploads/posts/2022-04/326218047_poster.jpg,Wayward по сети - survival.jpg,ok,
Runbow по сети,arcade,https://online-fix.me/uploads/posts/2022-01/1175718344_poster.jpg,Runbow по сети - arcade.jpg,ok,
Mad Streets по сети,fighting,https://online-fix.me/uploads/posts/2022-04/2629149198_poster.jpg,Mad Streets по сети - fighting.jpg,ok,
20XX по сети,arcade,https://online-fix.me/uploads/posts/2022-01/1375180797_poster.jpg,20XX по сети - arcade.jpg,ok,
Fear Therapy по сети,horror,https://online-fix.me/uploads/posts/2022-03/529089145_poster.jpg,Fear Therapy по сети - horror.jpg,ok,
Escape The Ayuwoki Horror Night по сети,horror,https://online-fix.me/uploads/posts/2022-04/4060995131_poster.jpg,Escape The Ayuwoki Horror Night по сети - horror.jpg,ok,
Crackdown 3 по сети,shooter,https://online-fix.me/uploads/posts/2022-03/3257520996_poster.jpg,Crackdown 3 по сети - shooter.jpg,ok,
Titan Quest Anniversary Edition по сети,rpg,https://online-fix.me/uploads/posts/2021-12/694420057_poster.jpg,Titan Quest Anniversary Edition по сети - rpg.jpg,ok,
HOLY COW Milking Simulator по сети,arcade,https://online-fix.me/uploads/posts/2021-12/4234449130_poster.jpg,HOLY COW Milking Simulator по сети - arcade.jpg,ok,
One Step From Eden по сети,strategy,https://online-fix.me/uploads/posts/2021-12/2104690918_poster.jpg,One Step From Eden по сети - strategy.jpg,ok,
F1 RACE STARS по сети,racing,https://online-fix.me/uploads/posts/2021-12/2217474557_poster.jpg,F1 RACE STARS по сети - racing.jpg,ok,
Mini Motor Racing X по сети,racing,https://online-fix.me/uploads/posts/2021-12/3550392543_poster.jpg,Mini Motor Racing X по сети - racing.jpg,ok,
Charlie Murder по сети,rpg,https://online-fix.me/uploads/posts/2022-01/4059562601_poster.jpg,Charlie Murder по сети - rpg.jpg,ok,
Grid 2 по сети,racing,https://online-fix.me/uploads/posts/2021-11/2058680584_poster.jpg,Grid 2 по сети - racing.jpg,ok,
Demeo по сети,rpg,https://online-fix.me/uploads/posts/2022-01/402865869_poster.jpg,Demeo по сети - rpg.jpg,ok,
Frozenheim по сети,strategy,https://online-fix.me/uploads/posts/2022-01/2001618160_poster.jpg,Frozenheim по сети - strategy.jpg,ok,
SEGA Mega Drive and Genesis Classics по сети,arcade,https://online-fix.me/uploads/posts/2021-12/4065704594_poster.jpg,SEGA Mega Drive and Genesis Classics по сети - arcade.jpg,ok,
Blazing Sails по сети,shooter,https://online-fix.me/uploads/posts/2021-12/3656429712_poster.jpg,Blazing Sails по сети - shooter.jpg,ok,
Motor Town Behind The Wheel по сети,simulator,https://online-fix.me/uploads/posts/2021-12/2114007224_poster.jpg,Motor Town Behind The Wheel по сети - simulator.jpg,ok,
Imperiums Greek Wars по сети,strategy,https://online-fix.me/uploads/posts/2021-12/2374728874_poster.jpg,Imperiums Greek Wars по сети - strategy.jpg,ok,
Age of Empires Definitive Edition по сети,strategy,https://online-fix.me/uploads/posts/2021-11/1413858646_poster.jpg,Age of Empires Definitive Edition по сети - strategy.jpg,ok,
Unspottable по сети,arcade,https://online-fix.me/uploads/posts/2021-11/31381422_poster.jpg,Unspottable по сети - arcade.jpg,ok,
Blood and Bacon по сети,shooter,https://online-fix.me/uploads/posts/2021-11/3191445537_poster.jpg,Blood and Bacon по сети - shooter.jpg,ok,
Dark Deception Monsters and Mortals по сети,horror,https://online-fix.me/uploads/posts/2021-11/765756490_poster.jpg,Dark Deception Monsters and Mortals по сети - horror.jpg,ok,
Forza Horizon 5 по сети,racing,https://online-fix.me/uploads/posts/2021-11/812395966_poster.jpg,Forza Horizon 5 по сети - racing.jpg,ok,
Iron Harvest по сети,adventures,https://online-fix.me/uploads/posts/2021-10/3939871637_poster.jpg,Iron Harvest по сети - adventures.jpg,ok,
Stronghold Legends по сети,strategy,https://online-fix.me/uploads/posts/2021-11/3988428148_poster.jpg,Stronghold Legends по сети - strategy.jpg,ok,
Worms Reloaded,arcade,https://online-fix.me/uploads/posts/2021-11/2281784610_poster.jpg,Worms Reloaded - arcade.jpg,ok,
Age of Empires IV по сети,strategy,https://online-fix.me/uploads/posts/2023-07/343416176_poster.jpg,Age of Empires IV по сети - strategy.jpg,ok,
Go All Out по сети,fighting,https://online-fix.me/uploads/posts/2021-10/2894417442_poster.jpg,Go All Out по сети - fighting.jpg,ok,
MageQuit по сети,arcade,https://online-fix.me/uploads/posts/2021-10/2904118256_poster.jpg,MageQuit по сети - arcade.jpg,ok,
Nine Parchments по сети,arcade,https://online-fix.me/uploads/posts/2021-10/3504452186_poster.jpg,Nine Parchments по сети - arcade.jpg,ok,
Death Squared по сети,puzzles,https://online-fix.me/uploads/posts/2021-09/1519223233_poster.jpg,Death Squared по сети - puzzles.jpg,ok,
Monster Prom 2 Monster Camp по сети,rpg,https://online-fix.me/uploads/posts/2021-09/569060785_poster.jpg,Monster Prom 2 Monster Camp по сети - rpg.jpg,ok,
Fling to the Finish по сети,racing,https://online-fix.me/uploads/posts/2021-10/3670939407_poster.jpg,Fling to the Finish по сети - racing.jpg,ok,
Niffelheim по сети,adventures,https://online-fix.me/uploads/posts/2021-09/227770746_poster.jpg,Niffelheim по сети - adventures.jpg,ok,
Serious Sam Fusion 2017 по сети,shooter,https://online-fix.me/uploads/posts/2021-09/3997256324_poster.jpg,Serious Sam Fusion 2017 по сети - shooter.jpg,ok,
Alchemists Awakening по сети,sandbox,https://online-fix.me/uploads/posts/2021-09/2856250206_poster.jpg,Alchemists Awakening по сети - sandbox.jpg,ok,
Lumberhill по сети,arcade,https://online-fix.me/uploads/posts/2021-09/219836522_poster.jpg,Lumberhill по сети - arcade.jpg,ok,
Rising Lords по сети,strategy,https://online-fix.me/uploads/posts/2021-09/2529278864_poster.jpg,Rising Lords по сети - strategy.jpg,ok,
Osiris New Dawn по сети,rpg,https://online-fix.me/uploads/posts/2021-10/1944855942_poster.jpg,Osiris New Dawn по сети - rpg.jpg,ok,
Medieval Kingdom Wars по сети,strategy,https://online-fix.me/uploads/posts/2021-10/4152936761_poster.jpg,Medieval Kingdom Wars по сети - strategy.jpg,ok,
Super Bomberman R по сети,arcade,https://online-fix.me/uploads/posts/2021-10/3996280764_poster.jpg,Super Bomberman R по сети - arcade.jpg,ok,
RichMan 10 по сети,strategy,https://online-fix.me/uploads/posts/2021-10/2696488285_poster.jpg,RichMan 10 по сети - strategy.jpg,ok,
Trailmakers по сети,sandbox,https://online-fix.me/uploads/posts/2021-10/1569921142_poster.jpg,Trailmakers по сети - sandbox.jpg,ok,
Kane &amp; Lynch 2 Dog Days по сети,shooter,https://online-fix.me/uploads/posts/2021-10/1587884772_poster.jpg,Kane &amp; Lynch 2 Dog Days по сети - shooter.jpg,ok,
Journey Of Life по сети,rpg,https://online-fix.me/uploads/posts/2021-10/3300483460_poster.jpg,Journey Of Life по сети - rpg.jpg,ok,
Levelhead по сети,arcade,https://online-fix.me/uploads/posts/2021-10/2718849954_poster.jpg,Levelhead по сети - arcade.jpg,ok,
Road Redemption по сети,racing,https://online-fix.me/uploads/posts/2021-08/3945041193_poster.jpg,Road Redemption по сети - racing.jpg,ok,
Garden Paws по сети,adventures,https://online-fix.me/uploads/posts/2021-08/1046902595_poster.jpg,Garden Paws по сети - adventures.jpg,ok,
Fast And Low по сети,shooter,https://online-fix.me/uploads/posts/2021-08/4160855787_poster.jpg,Fast And Low по сети - shooter.jpg,ok,
PICO PARK по сети,puzzles,https://online-fix.me/uploads/posts/2021-08/1647570288_poster.jpg,PICO PARK по сети - puzzles.jpg,ok,
Avorion по сети,simulator,https://online-fix.me/uploads/posts/2021-07/95432022_poster.jpg,Avorion по сети - simulator.jpg,ok,
Unruly Heroes по сети,fighting,https://online-fix.me/uploads/posts/2021-09/1432616281_poster.jpg,Unruly Heroes по сети - fighting.jpg,ok,
Hover по сети,adventures,https://online-fix.me/uploads/posts/2021-09/3883948575_poster.jpg,Hover по сети - adventures.jpg,ok,
N++ по сети,arcade,https://online-fix.me/uploads/posts/2021-09/958435509_poster.jpg,N++ по сети - arcade.jpg,ok,
The Experiment Escape Room по сети,horror,https://online-fix.me/uploads/posts/2021-09/1085037740_poster.jpg,The Experiment Escape Room по сети - horror.jpg,ok,
Mahasona по сети,adventures,https://online-fix.me/uploads/posts/2021-09/3261214449_poster.jpg,Mahasona по сети - adventures.jpg,ok,
BROKE PROTOCOL Online City RPG по сети,rpg,https://online-fix.me/uploads/posts/2021-09/2509842593_poster.jpg,BROKE PROTOCOL Online City RPG по сети - rpg.jpg,ok,
Minecraft for Windows по сети,sandbox,https://online-fix.me/uploads/posts/2021-09/152963811_poster.jpg,Minecraft for Windows по сети - sandbox.jpg,ok,
Get Packed Fully Loaded по сети,arcade,https://online-fix.me/uploads/posts/2021-08/2947146820_poster.jpg,Get Packed Fully Loaded по сети - arcade.jpg,ok,
Monster Jam Steel Titans 2 по сети,racing,https://online-fix.me/uploads/posts/2021-09/3512415234_poster.jpg,Monster Jam Steel Titans 2 по сети - racing.jpg,ok,
S&amp;Box по сети,sandbox,https://online-fix.me/uploads/posts/2021-09/1458281345_poster.jpg,S&amp;Box по сети - sandbox.jpg,ok,
Golden Light по сети,horror,https://online-fix.me/uploads/posts/2021-08/3803401495_poster.jpg,Golden Light по сети - horror.jpg,ok,
Don't Starve Together по сети,sandbox,https://online-fix.me/uploads/posts/2019-12/1782493721_poster.jpg,Don't Starve Together по сети - sandbox.jpg,ok,
Duck Game по сети,arcade,https://online-fix.me/uploads/posts/2026-03/2898671127_poster.jpg,Duck Game по сети - arcade.jpg,ok,
Magicka по сети,rpg,https://online-fix.me/uploads/posts/2019-12/1270071513_poster.jpg,Magicka по сети - rpg.jpg,ok,
Tabletop Simulator по сети,arcade,https://online-fix.me/uploads/posts/2019-12/1127280453_poster.jpg,Tabletop Simulator по сети - arcade.jpg,ok,
F.E.A.R. 3 по сети,shooter,https://online-fix.me/uploads/posts/2019-12/1933099232_poster.jpg,F.E.A.R. 3 по сети - shooter.jpg,ok,
Dead Rising 3 по сети,sandbox,https://online-fix.me/uploads/posts/2019-12/3317682219_poster.jpg,Dead Rising 3 по сети - sandbox.jpg,ok,
Broforce по сети,arcade,https://online-fix.me/uploads/posts/2019-12/1560964960_poster.jpg,Broforce по сети - arcade.jpg,ok,
Castle Crashers по сети,arcade,https://online-fix.me/uploads/posts/2025-08/3297174206_poster.jpg,Castle Crashers по сети - arcade.jpg,ok,
Left 4 Dead 2 по сети,shooter,https://online-fix.me/uploads/posts/2019-10/1428730535_poster.jpg,Left 4 Dead 2 по сети - shooter.jpg,ok,
Clone Drone in the Danger Zone по сети,shooter,https://online-fix.me/uploads/posts/2023-12/1173225941_poster.jpg,Clone Drone in the Danger Zone по сети - shooter.jpg,ok,
Hood Outlaws Legends по сети,rpg,https://online-fix.me/uploads/posts/2023-12/3682294009_poster.jpg,Hood Outlaws Legends по сети - rpg.jpg,ok,
100% Orange Juice по сети,strategy,https://online-fix.me/uploads/posts/2023-11/1102137334_poster.jpg,100% Orange Juice по сети - strategy.jpg,ok,
Gears 5 по сети,shooter,https://online-fix.me/uploads/posts/2023-11/4285055124_poster.jpg,Gears 5 по сети - shooter.jpg,ok,
Gears of War 4 по сети,shooter,https://online-fix.me/uploads/posts/2023-11/1099259532_poster.jpg,Gears of War 4 по сети - shooter.jpg,ok,
Gears of War Ultimate Edition по сети,shooter,https://online-fix.me/uploads/posts/2023-11/1466122379_poster.jpg,Gears of War Ultimate Edition по сети - shooter.jpg,ok,
ARK Survival Ascended по сети,survival,https://online-fix.me/uploads/posts/2023-10/1096545087_poster.jpg,ARK Survival Ascended по сети - survival.jpg,ok,
Galactic Civilizations IV по сети,strategy,https://online-fix.me/uploads/posts/2023-10/1775751758_poster.jpg,Galactic Civilizations IV по сети - strategy.jpg,ok,
Software Inc по сети,simulator,https://online-fix.me/uploads/posts/2023-10/958340832_poster.jpg,Software Inc по сети - simulator.jpg,ok,
Lords of the Fallen по сети,sandbox,https://online-fix.me/uploads/posts/2023-10/1376697073_poster.jpg,Lords of the Fallen по сети - sandbox.jpg,ok,
The Front по сети,sandbox,https://online-fix.me/uploads/posts/2023-10/1087593183_poster.jpg,The Front по сети - sandbox.jpg,ok,
